,Humidity,Cloudiness,Wind Speed,Country,City,Latitude,Longitude,Max Temperature,Date
0,73,30,7.7,NC,Poum,-20.2333,164.0167,75.54,1635136626
1,94,0,6.91,ZA,Port Elizabeth,-33.918,25.5701,53.89,1635136627
2,92,78,3.98,CL,Lebu,-37.6167,-73.65,53.1,1635136627
3,39,20,11.18,RU,Petropavlovsk-Kamchatskiy,53.0452,158.6483,41.59,1635136627
4,71,4,2.08,KI,Butaritari,3.0707,172.7902,82.35,1635136627
5,70,87,0.31,SB,Buala,-8.145,159.5921,84.15,1635136628
6,69,40,13.8,MU,Bambous Virieux,-20.3428,57.7575,79.21,1635136408
7,70,100,25.08,AU,Esperance,-33.8667,121.9,71.44,1635136628
8,51,67,2.21,SS,Malakal,9.5334,31.6605,78.39,1635136629
9,14,0,0.98,NE,Arlit,18.7369,7.3853,77.29,1635136629
10,78,61,15.73,PF,Rikitea,-23.1203,-134.9692,74.64,1635136421
11,78,20,8.05,TO,Vaini,-21.2,-175.2,78.96,1635136629
12,73,99,7.9,PH,Pandan,14.0453,124.1694,84.51,1635136630
13,64,68,8.99,MU,Cap Malheureux,-19.9842,57.6142,79.47,1635136630
14,92,99,4.03,US,Albany,42.6001,-73.9662,49.68,1635136435
15,86,90,5.75,US,Barrow,71.2906,-156.7887,26.62,1635136425
16,84,90,0.0,US,Palmer,42.1584,-72.3287,51.22,1635136630
17,68,75,14.97,SJ,Longyearbyen,78.2186,15.6401,21.04,1635136631
18,100,75,16.11,CA,Yellowknife,62.456,-114.3525,41.41,1635136631
19,70,61,7.72,IN,Port Blair,11.6667,92.75,84.24,1635136631
20,74,100,9.51,ID,Sorong,-0.8833,131.25,83.77,1635136632
21,70,78,15.64,AU,Busselton,-33.65,115.3333,57.04,1635136632
22,89,90,0.0,US,Fairbanks,64.8378,-147.7164,26.1,1635136340
23,90,99,5.06,RU,Zhigansk,66.7697,123.3711,25.54,1635136632
24,90,13,2.64,BY,Forsytheganj,52.6333,29.7333,29.95,1635136633
25,78,100,11.21,KZ,Dossor,47.5272,52.9811,54.25,1635136633
26,18,5,1.32,YE,Marzuq,14.4,46.4667,74.37,1635136633
27,97,95,7.78,BR,Castro,-24.7911,-50.0119,54.99,1635136634
28,53,57,14.97,AU,Carnarvon,-24.8667,113.6333,75.27,1635136634
29,93,90,13.8,CL,Punta Arenas,-53.15,-70.9167,35.71,1635136581
30,94,99,3.31,VE,Upata,8.0086,-62.3989,71.53,1635136634
31,68,77,3.69,PH,Dingle,10.9995,122.6711,87.57,1635136634
32,70,5,18.48,PF,Atuona,-9.8,-139.0333,78.26,1635136635
33,88,98,18.19,RU,Tazovsky,67.4667,78.7,21.9,1635136635
34,58,0,2.3,ZA,Upington,-28.4478,21.2561,55.78,1635136635
35,73,75,0.0,TT,Chaguanas,10.5167,-61.4167,78.75,1635136636
36,90,100,16.35,VN,Tuy Hoa,13.0833,109.3,78.71,1635136636
37,68,75,1.99,US,Fortuna,40.5982,-124.1573,53.37,1635136636
38,100,75,0.0,MX,Puerto Madero,14.7208,-92.4215,79.0,1635136637
39,96,99,5.39,RU,Pevek,69.7008,170.3133,5.18,1635136637
40,70,1,6.96,GL,Upernavik,72.7868,-56.1549,14.18,1635136637
41,73,37,1.99,PT,Ribeira Grande,38.5167,-28.7,65.89,1635136638
42,72,80,7.96,PW,Kloulklubed,7.0419,134.2556,88.3,1635136638
43,84,100,3.02,BR,Posse,-14.0931,-46.3694,70.95,1635136638
44,77,36,6.73,PG,Lorengau,-2.0226,147.2712,83.43,1635136429
45,96,96,10.0,EC,Puerto Ayora,-0.7393,-90.3518,68.56,1635136639
46,67,74,1.01,HK,Hong Kong,22.2855,114.1577,79.03,1635136466
47,91,90,9.22,US,Rome,43.2128,-75.4557,51.66,1635136614
48,71,91,7.94,MM,Pathein,16.7833,94.7333,85.71,1635136639
49,69,0,4.0,ZA,Cape Town,-33.9258,18.4232,58.26,1635136639
50,73,96,4.03,NZ,Mataura,-46.1927,168.8643,64.31,1635136640
51,96,95,3.0,CF,Zemio,5.0314,25.1361,70.11,1635136640
52,100,86,1.74,ES,Bereda,43.2686,-7.5406,49.75,1635136640
53,93,0,3.44,ZA,Bredasdorp,-34.5322,20.0403,52.29,1635136641
54,74,0,7.36,BR,Cidreira,-30.1811,-50.2056,58.17,1635136641
55,78,0,10.36,ZA,Hermanus,-34.4187,19.2345,52.9,1635136641
56,69,41,6.98,MW,Nsanje,-16.92,35.262,80.33,1635136642
57,72,61,9.28,CV,São Filipe,14.8961,-24.4956,77.13,1635136642
58,55,100,5.55,JP,Ryōtsu-minato,38.0833,138.4333,60.76,1635136642
59,85,22,9.86,PE,Hualmay,-11.0964,-77.6139,61.9,1635136643
60,69,40,13.8,MU,Mahébourg,-20.4081,57.7,79.25,1635136643
61,100,0,6.46,PT,Praia da Vitória,38.7333,-27.0667,62.76,1635136643
62,96,90,3.0,US,Jamestown,42.097,-79.2353,52.92,1635136409
63,72,92,3.0,NZ,Dunedin,-45.8742,170.5036,58.8,1635136482
64,75,100,2.06,PH,Tagusao,9.1924,117.8141,82.31,1635136644
65,99,100,2.77,RU,Chokurdakh,70.6333,147.9167,-4.52,1635136644
66,23,0,5.75,AU,Yulara,-25.2406,130.9889,87.64,1635136644
67,58,0,11.3,GL,Qaanaaq,77.484,-69.3632,-4.76,1635136645
68,77,56,12.01,RU,Yalutorovsk,56.6536,66.3006,41.49,1635136645
69,63,85,5.3,ID,Rantepao,-2.9701,119.8978,82.58,1635136645
70,88,75,20.71,US,Kapaa,22.0752,-159.319,80.58,1635136646
71,97,98,2.21,CO,Inírida,3.8653,-67.9239,74.41,1635136646
72,69,75,5.75,VU,Isangel,-19.55,169.2667,82.51,1635136646
73,73,19,12.08,RU,Katangli,51.7102,143.2326,48.36,1635136646
74,93,1,2.3,CA,Fort Nelson,58.8053,-122.7002,26.19,1635136647
75,82,40,5.75,PT,Ponta Delgada,37.7333,-25.6667,63.32,1635136647
76,74,75,1.01,AU,Hobart,-42.8794,147.3294,56.01,1635136647
77,70,100,10.22,SO,Hobyo,5.3505,48.5268,80.82,1635136648
78,100,90,8.05,FI,Kempele,64.9131,25.5034,33.13,1635136648
79,84,75,2.82,SV,Acajutla,13.5928,-89.8275,79.84,1635136648
80,81,60,3.36,BR,Jardim,-21.4803,-56.1381,62.71,1635136649
81,93,75,4.61,CA,Norman Wells,65.282,-126.8329,23.04,1635136406
82,93,100,0.22,CD,Mbandaka,0.0487,18.2603,71.92,1635136649
83,88,99,2.04,BR,Niquelândia,-14.4739,-48.4597,72.75,1635136649
84,16,78,2.37,AF,Herat Province,34.5,62.0,61.11,1635136650
85,100,95,2.91,RU,Tiksi,71.6872,128.8694,-0.71,1635136412
86,94,100,3.96,NO,Sørland,67.667,12.6934,39.27,1635136650
87,88,98,2.59,CO,Pizarro,4.9533,-77.366,77.45,1635136650
88,96,100,17.94,IS,Husavik,66.0449,-17.3389,37.31,1635136651
89,21,5,8.93,MR,Adrar,20.5022,-10.0711,78.12,1635136651
90,85,8,3.0,PT,Lata,40.1629,-8.3327,50.41,1635136486
91,98,100,1.23,RU,Deputatsky,69.3,139.9,2.53,1635136651
92,85,100,5.39,RU,Kizner,56.2749,51.508,37.36,1635136389
93,80,90,13.8,AR,Ushuaia,-54.8,-68.3,33.46,1635136652
94,66,0,3.04,IN,Mon,26.75,95.1,77.56,1635136652
95,74,98,2.68,ID,Sijunjung,-0.6876,100.9537,83.62,1635136652
96,87,100,11.34,RU,Nikolskoye,59.7035,30.7861,37.87,1635136653
97,82,3,19.01,KM,Fomboni,-12.28,43.7425,80.71,1635136653
98,81,52,6.58,JM,Lucea,18.451,-78.1736,82.26,1635136653
99,81,100,10.18,PF,Faanui,-16.4833,-151.75,78.04,1635136653
100,67,0,13.58,ZA,Port Alfred,-33.5906,26.891,61.79,1635136654
101,75,72,7.05,MV,Dhidhdhoo,6.8833,73.1,82.42,1635136381
102,97,100,3.98,NZ,Tuatapere,-46.1333,167.6833,56.21,1635136654
103,90,100,15.03,RU,Khatanga,71.9667,102.5,3.02,1635136405
104,67,0,11.18,BR,Rio Grande,-32.035,-52.0986,57.58,1635136655
105,16,0,2.82,IR,Tabas,33.5959,56.9244,69.53,1635136655
106,77,100,4.43,CA,Fort Saint James,54.4333,-124.25,40.98,1635136655
107,68,58,7.18,ID,Majene,-3.5403,118.9707,85.35,1635136656
108,100,20,2.3,CA,Thompson,55.7435,-97.8558,26.76,1635136596
109,91,90,5.75,US,Hilo,19.7297,-155.09,75.27,1635136399
110,72,0,4.14,BR,Santa Maria,-29.6842,-53.8069,53.29,1635136656
111,35,100,13.47,CN,Shitanjing,39.2342,106.3439,51.13,1635136656
112,99,100,0.4,CD,Buta,2.7858,24.73,70.93,1635136657
113,97,100,1.43,BR,Fonte Boa,-2.4959,-66.2662,72.68,1635136657
114,80,75,1.01,US,Ontario,34.0633,-117.6509,64.87,1635136574
115,89,100,14.36,NZ,Bluff,-46.6,168.3333,55.42,1635136657
116,86,100,2.35,RU,Srednekolymsk,67.45,153.6833,1.2,1635136631
117,21,0,8.88,AR,San Rafael,-34.6177,-68.3301,68.13,1635136472
118,77,47,16.08,RE,Saint-Philippe,-21.3585,55.7679,80.47,1635136658
119,100,56,2.13,RU,Saskylakh,71.9167,114.0833,-15.25,1635136642
120,58,82,13.56,JP,Katsuura,35.1333,140.3,66.18,1635136515
121,69,40,13.8,MU,Souillac,-20.5167,57.5167,79.36,1635136658
122,51,100,15.23,RU,Kormilovka,55.0026,74.1028,46.15,1635136659
123,60,82,4.0,AU,New Norfolk,-42.7826,147.0587,55.65,1635136423
124,72,46,0.67,TZ,Kibiti,-7.7218,38.9375,77.99,1635136659
125,83,93,10.8,RU,Vanavara,60.34,102.2797,35.98,1635136659
126,45,100,12.8,RU,Troitskoye,52.9821,84.6757,50.22,1635136660
127,89,90,4.0,US,Pacific Grove,36.6177,-121.9166,65.43,1635136549
128,100,98,2.01,GF,Camopi,3.1655,-52.3158,72.59,1635136660
129,76,40,17.67,NO,Havøysund,70.9963,24.6622,32.23,1635136660
130,94,0,6.91,CL,Concepción,-36.827,-73.0498,53.4,1635136661
131,89,100,1.05,BR,São Sebastião,-23.76,-45.4097,67.1,1635136661
132,83,100,14.5,CA,Sechelt,49.4664,-123.7694,57.15,1635136661
133,48,0,2.68,ES,Calatayud,41.3535,-1.6432,50.58,1635136662
134,86,36,4.36,US,Saint Paul Harbor,57.79,-152.4072,41.09,1635136640
135,74,100,9.64,IN,Kavaratti,10.5669,72.642,81.99,1635136395
136,96,90,1.99,US,Laguna,38.421,-121.4238,59.25,1635136662
137,32,100,5.86,KZ,Beyneu,45.3167,55.2,56.34,1635136663
138,85,86,7.14,ES,Cervo,43.6702,-7.4101,53.19,1635136663
139,71,90,17.27,CA,Port Hardy,50.6996,-127.4199,51.8,1635136663
140,92,100,4.27,IS,Vestmannaeyjar,63.4427,-20.2734,44.85,1635136663
141,71,1,8.21,AZ,Artyom,40.4723,50.333,55.54,1635136664
142,79,52,8.93,VU,Luganville,-15.5333,167.1667,81.23,1635136664
143,91,100,11.05,JP,Nara,34.6851,135.8049,58.37,1635136665
144,40,89,17.9,RU,Shipunovo,52.1582,82.2173,50.13,1635136665
145,94,100,15.05,RU,Yerbogachën,61.2767,108.0108,34.57,1635136665
146,90,90,0.0,US,Bethel,41.3712,-73.414,55.71,1635136631
147,22,22,8.72,ML,Taoudenni,22.6783,-3.9836,79.61,1635136666
148,88,0,5.99,DE,Alfeld,51.9838,9.8199,42.94,1635136666
149,100,100,3.56,US,Hailey,43.5196,-114.3153,35.91,1635136666
150,71,0,12.15,ZA,Saldanha,-33.0117,17.9442,48.25,1635136666
151,67,87,13.29,RU,Severo-Kuril'sk,50.6789,156.125,39.67,1635136638
152,62,0,7.0,AR,Mar del Plata,-38.0023,-57.5575,63.09,1635136477
153,98,100,7.14,RU,Chernyshevskiy,63.0128,112.4714,32.45,1635136667
154,75,25,18.3,SO,Oddur,4.1213,43.8894,76.53,1635136667
155,70,37,2.98,SB,Gizo Government Station,-8.103,156.8419,83.5,1635136667
156,74,96,13.98,MV,Muli,2.9167,73.5667,82.94,1635136668
157,85,42,5.59,RU,Bogorodskoye,56.55,37.8833,28.27,1635136668
158,47,34,9.06,AU,Batemans Bay,-35.7167,150.1833,71.98,1635136668
159,74,74,4.72,ID,Sabang,5.8933,95.3214,81.45,1635136669
160,57,40,6.91,CK,Avarua,-21.2078,-159.775,75.25,1635136669
161,66,0,4.61,ES,Arroyo de la Encomienda,41.6096,-4.7969,51.19,1635136669
162,72,100,18.86,CA,Saint-Augustin,51.226,-58.6502,37.38,1635136670
163,95,100,6.76,CN,Caohai,26.8661,104.2841,47.88,1635136670
164,66,100,19.64,IS,Hofn,64.2539,-15.2082,41.97,1635136670
165,97,100,9.48,RU,Verkhnyaya Inta,65.9811,60.3094,26.35,1635136663
166,63,0,6.71,RU,Provideniya,64.3833,-173.3,19.51,1635136413
167,23,34,0.92,UZ,Hazorasp,41.3194,61.0742,44.44,1635136671
168,73,20,1.01,MY,George Town,5.4112,100.3354,88.9,1635136671
169,96,100,0.74,CA,Aklavik,68.2191,-135.0107,23.72,1635136427
170,88,100,17.74,BR,Arraial do Cabo,-22.9661,-42.0278,69.53,1635136672
171,61,98,18.79,AU,Yeppoon,-23.1333,150.7333,94.78,1635136672
172,19,0,4.12,IR,Ardakān,32.31,54.0175,57.58,1635136672
173,63,0,20.71,GL,Nuuk,64.1835,-51.7216,25.41,1635136672
174,76,100,8.99,TR,Görele,41.0308,39.0031,54.84,1635136673
175,77,49,6.31,MX,Cabo San Lucas,22.8909,-109.9124,77.61,1635136673
176,83,16,0.74,BR,Jutaí,-5.1833,-68.9,75.99,1635136673
177,17,39,11.5,AU,Alice Springs,-23.7,133.8833,89.15,1635136674
178,72,90,17.27,AU,Geraldton,-28.7667,114.6,65.12,1635136628
179,65,63,7.14,PG,Wewak,-3.5534,143.6268,85.66,1635136674
180,42,20,20.11,AR,Necochea,-38.5473,-58.7368,61.03,1635136674
181,78,54,4.81,TD,Kelo,9.3086,15.8066,74.82,1635136675
182,43,82,2.3,TL,Airai,-8.9266,125.4092,80.08,1635136675
183,52,40,11.5,AU,Nhulunbuy,-12.2333,136.7667,92.01,1635136675
184,90,100,20.42,BR,São João da Barra,-21.6403,-41.0511,70.99,1635136676
185,72,20,9.22,CY,Chlórakas,34.8042,32.4083,61.83,1635136676
186,26,98,2.98,IT,Laas,46.6166,10.7002,40.08,1635136676
187,51,68,11.56,JP,Hasaki,35.7333,140.8333,64.8,1635136676
188,32,1,3.71,MN,Khovd,48.0056,91.6419,43.36,1635136677
189,89,100,2.75,ID,Bengkulu,-3.8004,102.2655,76.66,1635136615
190,65,75,17.27,NU,Alofi,-19.0595,-169.9187,78.69,1635136448
191,100,20,6.91,FR,Plougastel-Daoulas,48.3667,-4.3667,55.42,1635136677
192,69,100,7.76,PT,Aljezur,37.3191,-8.8033,58.57,1635136678
193,60,1,5.01,RU,Solnechnyy,50.7214,136.6319,49.66,1635136678
194,58,1,8.05,US,Cheyenne,41.14,-104.8203,46.06,1635136562
195,86,51,4.92,RU,Shakhovskaya,56.0283,35.5097,27.52,1635136678
196,62,56,4.65,ET,Gambēla,8.25,34.5833,75.9,1635136679
197,62,100,6.2,US,Avera,33.194,-82.5271,67.51,1635136679
198,60,60,11.23,AU,Codrington,-38.2667,141.9667,55.49,1635136679
199,82,75,4.61,JP,Sakaiminato,35.55,133.2333,57.18,1635136680
200,73,40,3.44,CA,Clyde River,70.4692,-68.5914,16.03,1635136680
201,76,12,10.04,BR,Trairi,-3.2778,-39.2689,78.6,1635136616
202,73,53,0.94,PG,Kieta,-6.2167,155.6333,83.3,1635136680
203,65,40,18.41,JP,Hirara,24.8,125.2833,82.67,1635136681
204,96,52,3.02,RU,Cherskiy,68.75,161.3,-12.87,1635136408
205,88,1,12.66,PE,Pisco,-13.7,-76.2167,60.03,1635136681
206,95,93,4.74,CL,Valdivia,-39.8142,-73.2459,53.69,1635136647
207,67,3,17.11,PF,Moerai,-22.4333,-151.3333,73.17,1635136682
208,78,26,13.58,RU,Kamenka,51.3223,42.7678,31.66,1635136429
209,76,97,6.24,GW,Bubaque,11.2833,-15.8333,81.97,1635136682
210,85,0,10.13,US,San Patricio,28.017,-97.5169,80.89,1635136683
211,89,100,7.38,MX,Acapulco de Juárez,16.8634,-99.8901,76.82,1635136630
212,43,1,1.99,US,Saint George,37.1041,-113.5841,66.25,1635136560
213,94,81,1.21,VE,San Cristobal,7.7669,-72.225,71.78,1635136461
214,75,37,7.27,GL,Ilulissat,69.2167,-51.1,-2.78,1635136683
215,67,8,3.02,SO,Bandarbeyla,9.4942,50.8122,79.66,1635136684
216,61,18,5.37,IN,Puri,19.8,85.85,83.37,1635136684
217,67,46,6.2,PG,Namatanai,-3.6667,152.4333,84.69,1635136684
218,86,55,3.89,PA,Ailigandí,9.2333,-78.0167,78.85,1635136685
219,96,100,9.17,FI,Kemijärvi,66.7131,27.4306,28.65,1635136685
220,53,0,2.3,OM,Salalah,17.0151,54.0924,77.09,1635136635
221,88,100,17.11,PF,Tautira,-17.7333,-149.15,73.42,1635136635
222,97,100,2.26,BR,Chapada dos Guimarães,-15.4606,-55.7497,64.06,1635136685
223,83,1,4.61,US,Robinsonville,31.4677,-97.1147,75.52,1635136686
224,87,90,0.0,US,Russell,32.3502,-85.1999,69.08,1635136686
225,70,46,7.94,PG,Kavieng,-2.5744,150.7967,84.02,1635136686
226,95,100,6.93,US,Jupiter,26.9342,-80.0942,79.03,1635136687
227,75,90,10.0,US,Pocatello,42.8713,-112.4455,53.47,1635136687
228,60,4,2.48,SO,Qandala,11.472,49.8728,81.28,1635136687
229,98,21,3.89,RU,Bilibino,68.0546,166.4372,-18.45,1635136576
230,59,20,5.99,AU,Sydney,-33.8679,151.2073,75.47,1635136389
231,55,0,7.83,AR,Paraná,-31.732,-60.5238,63.52,1635136688
232,85,100,10.4,SE,Avesta,60.1455,16.1679,47.39,1635136688
233,78,48,9.4,RU,Krasnoborsk,61.5598,45.934,27.41,1635136688
234,93,100,4.7,KZ,Līsakovsk,52.5369,62.4936,47.91,1635136689
235,85,16,6.96,BR,Carutapera,-1.195,-46.02,78.6,1635136689
236,88,100,19.17,RU,Dikson,73.5069,80.5464,12.07,1635136689
237,46,60,11.14,CN,Daokou,35.5639,114.5058,66.76,1635136690
238,50,16,7.23,IN,Ghātanji,20.1333,78.3167,81.19,1635136690
239,71,27,5.48,PG,Finschhafen,-6.6024,147.8681,84.2,1635136588
240,96,18,9.66,GB,Northam,51.0333,-4.2167,56.08,1635136691
241,83,3,4.18,PT,Vila Franca do Campo,37.7167,-25.4333,63.01,1635136523
242,100,90,6.91,FI,Keminmaa,65.8596,24.8228,31.77,1635136691
243,27,100,8.05,AU,Mount Isa,-20.7333,139.5,91.17,1635136692
244,88,90,29.93,CA,Torbay,47.6666,-52.7314,51.58,1635136424
245,70,70,15.39,MU,Quatre Cocos,-20.2078,57.7625,79.09,1635136692
246,100,90,9.22,CA,Tuktoyaktuk,69.4541,-133.0374,24.8,1635136465
247,41,83,8.23,LY,Ubari,26.5921,12.7805,72.21,1635136692
248,33,0,5.84,SA,Sakakah,29.9697,40.2064,62.17,1635136693
249,72,42,3.2,NG,Jega,12.2175,4.3792,73.53,1635136693
250,71,74,10.6,UA,Chervonohryhorivka,47.623,34.5389,40.21,1635136693
251,80,1,5.75,CA,Sault Ste. Marie,46.5168,-84.3333,41.9,1635136525
252,45,0,4.61,AR,Mendoza,-32.8908,-68.8272,67.53,1635136694
253,51,1,6.42,CN,Yulin,22.6333,110.15,76.17,1635136694
254,99,99,0.85,CG,Sémbé,1.6481,14.5806,67.93,1635136694
255,24,0,10.27,AU,Port Pirie,-33.1833,138.0167,73.49,1635136695
256,70,74,12.48,TH,Bo Phloi,14.3236,99.5161,81.91,1635136695
257,86,100,46.17,GL,Tasiilaq,65.6145,-37.6368,30.36,1635136695
258,85,100,3.06,NZ,Te Anau,-45.4167,167.7167,60.8,1635136487
259,82,1,5.75,US,San Antonio,29.4241,-98.4936,79.25,1635136440
260,72,98,7.23,LK,Trincomalee,8.5711,81.2335,82.99,1635136696
261,61,62,7.74,PT,Ponta do Sol,32.6667,-17.1,70.43,1635136673
262,93,91,5.5,NZ,Ngunguru,-35.6167,174.5,62.58,1635136697
263,81,100,2.13,SS,Raja,8.4596,25.678,73.85,1635136697
264,80,0,10.49,MX,Guerrero Negro,27.9769,-114.0611,64.85,1635136698
265,45,4,3.22,MN,Ulaangom,49.9811,92.0667,43.21,1635136698
266,26,0,5.91,IR,Gerāsh,27.6652,54.1371,60.94,1635136698
267,87,90,4.61,CA,Smithers,54.7804,-127.1743,37.72,1635136436
268,38,55,8.77,LY,Sabha,27.0377,14.4283,73.69,1635136699
269,23,14,1.9,NA,Opuwo,-18.0607,13.84,64.74,1635136699
270,39,60,35.39,AR,Viedma,-40.8135,-62.9967,63.91,1635136625
271,71,80,6.89,PH,San Policarpo,12.1791,125.5072,84.24,1635136699
272,76,12,1.52,CL,Tocopilla,-22.092,-70.1979,58.84,1635136700
273,68,3,9.91,RU,Vysokogornyy,50.1167,139.15,44.53,1635136700
274,83,75,10.36,EC,Manta,-0.95,-80.7333,73.18,1635136700
275,74,42,13.38,MV,Hithadhoo,-0.6,73.0833,82.94,1635136701
276,100,90,9.22,FI,Rovaniemi,66.5,25.7167,27.81,1635136701
277,85,100,4.99,RU,Vuktyl,63.8567,57.3094,28.69,1635136701
278,69,46,2.89,IN,Mormugao,15.4,73.8,80.78,1635136702
279,80,0,8.95,RU,Severnyy,50.677,36.5532,32.04,1635136702
280,20,0,0.0,IR,Kermanshah,34.3142,47.065,38.3,1635136462
281,97,100,9.19,RU,Inta,66.0317,60.1659,26.42,1635136703
282,67,1,6.91,US,Altus,34.6381,-99.334,62.67,1635136703
283,73,31,3.11,NZ,Kaeo,-35.1,173.7833,66.88,1635136703
284,74,97,3.53,CN,Liancheng,24.0519,105.075,63.37,1635136703
285,91,100,4.52,GA,Gamba,-2.65,10.0,75.9,1635136704
286,71,71,13.89,NC,Vao,-22.6667,167.4833,70.88,1635136704
287,80,100,10.49,RU,Lavrentiya,65.5833,-171.0,21.42,1635136444
288,57,12,3.87,IN,Diu,20.7141,70.9822,82.44,1635136705
289,78,58,6.42,GL,Qasigiannguit,68.8193,-51.1922,-0.94,1635136705
290,44,0,5.75,KR,Seoul,37.5683,126.9778,63.79,1635136511
291,62,93,2.93,ID,Pringsewu,-5.3582,104.9744,88.65,1635136705
292,68,61,13.27,SO,Giohar,2.7809,45.5005,80.13,1635136706
293,96,99,7.92,RU,Bezenchuk,52.982,49.4333,38.01,1635136706
294,58,0,4.76,AR,Presidencia Roque Sáenz Peña,-26.7852,-60.4388,57.83,1635136706
295,84,11,8.95,GH,Anloga,5.7947,0.8973,77.22,1635136707
296,64,55,10.27,CN,Kuandian,40.7286,124.7847,54.99,1635136707
297,15,0,11.5,AU,Narrabri,-30.3167,149.7833,79.52,1635136707
298,98,100,3.76,RU,Kondinskoye,59.6481,67.41,35.85,1635136708
299,35,0,0.0,CL,Santiago,-33.4569,-70.6483,65.86,1635136437
300,39,6,7.94,RU,Novobureyskiy,49.798,129.8774,53.29,1635136708
301,38,0,9.4,ZA,Springbok,-29.6643,17.8865,56.37,1635136708
302,36,44,6.35,BW,Dekar,-21.5333,21.9333,71.64,1635136709
303,98,90,0.25,CG,Ouésso,1.6136,16.0517,69.08,1635136709
304,45,7,6.26,GL,Narsaq,60.9167,-46.05,30.42,1635136657
305,75,100,1.99,US,Eureka,40.8021,-124.1637,53.64,1635136614
306,74,69,1.92,NZ,Otane,-39.8833,176.6333,68.0,1635136709
307,63,100,16.42,RU,Severnoye,56.3491,78.3619,45.23,1635136710
308,89,90,0.0,US,College,64.8569,-147.8028,26.26,1635136710
309,64,40,3.18,ET,Shambu,9.5667,37.1,55.62,1635136711
310,64,40,5.99,TW,Kaohsiung City,22.6163,120.3133,89.1,1635136711
311,91,100,9.1,AO,Lumeje,-11.55,20.7833,64.6,1635136711
312,64,0,6.51,MG,Antsohihy,-14.8796,47.9875,83.34,1635136712
313,30,0,8.34,IR,Khāsh,28.2211,61.2158,68.36,1635136516
314,94,92,7.29,RU,Leningradskiy,69.3833,178.4167,2.44,1635136712
315,55,90,8.05,AU,Mount Gambier,-37.8333,140.7667,58.91,1635136712
316,92,90,4.0,CA,Iqaluit,63.7506,-68.5145,29.93,1635136713
317,62,71,4.85,MM,Thaton,16.9206,97.3714,86.52,1635136713
318,92,40,3.44,US,Juneau,58.3019,-134.4197,42.22,1635136612
319,84,24,11.03,MX,San Quintín,30.4833,-115.95,62.44,1635136713
320,67,100,8.23,PG,Vanimo,-2.6741,141.3028,85.14,1635136714
321,85,67,3.91,JM,Black River,18.0264,-77.8487,82.4,1635136487
322,88,75,2.3,BO,Santa Cruz de la Sierra,-17.8,-63.1667,65.66,1635136714
323,81,69,6.17,PE,Camaná,-16.6228,-72.7111,61.61,1635136714
324,93,16,3.0,GB,Huntingdon,52.3305,-0.1865,53.44,1635136715
325,96,100,10.78,RU,Talnakh,69.4865,88.3972,26.19,1635136715
326,30,18,10.18,SD,Kutum,14.2,24.6667,70.72,1635136715
327,74,1,6.91,US,Redlands,34.0556,-117.1825,67.39,1635136617
328,71,100,5.06,RU,Novoagansk,61.9449,76.6625,30.49,1635136716
329,94,71,1.57,BR,Humaitá,-7.5061,-63.0208,74.91,1635136716
330,60,82,13.06,JP,Ushibukamachi,32.1906,130.0228,66.38,1635136716
331,61,97,10.78,ID,Waingapu,-9.6567,120.2641,88.09,1635136717
332,89,92,5.79,RU,Tilichiki,60.4667,166.1,13.06,1635136717
333,49,100,16.26,RU,Rebrikha,53.0733,82.3408,48.33,1635136717
334,66,99,5.39,US,Green River,41.5286,-109.4662,46.8,1635136605
335,88,75,5.99,GF,Cayenne,4.9333,-52.3333,80.1,1635136718
336,93,82,1.14,CA,Haines Junction,60.7522,-137.5108,21.15,1635136658
337,87,0,1.14,CL,Coquimbo,-29.9533,-71.3436,55.13,1635136718
338,76,1,13.8,US,Payette,44.0782,-116.9338,57.27,1635136718
339,62,0,2.26,BD,Netrakona,24.8833,90.7167,83.5,1635136719
340,51,3,16.24,CN,Gongzhuling,43.5008,124.8198,60.12,1635136719
341,91,90,10.0,US,Fernandina Beach,30.6697,-81.4626,77.09,1635136719
342,91,82,5.14,GQ,Bata,1.8639,9.7658,76.6,1635136719
343,84,1,1.99,US,La Palma,33.8464,-118.0467,65.43,1635136522
344,57,13,7.7,SO,Berbera,10.4396,45.0143,83.88,1635136720
345,90,50,2.26,BR,Jacareacanga,-6.2222,-57.7528,73.96,1635136720
346,58,88,1.12,CF,Birao,10.2849,22.7882,74.34,1635136721
347,92,90,5.01,US,Westport,41.1415,-73.3579,60.84,1635136721
348,62,75,8.05,AU,Alyangula,-13.8483,136.4192,89.47,1635136721
349,76,27,17.31,VG,Road Town,18.4167,-64.6167,82.2,1635136721
350,60,99,5.84,ID,Kendari,-3.945,122.4989,87.91,1635136722
351,44,79,1.99,JP,Oyama,36.3,139.8,66.87,1635136722
352,94,20,0.0,US,Wilmington,34.2257,-77.9447,72.86,1635136347
353,77,20,8.05,ZA,East London,-33.0153,27.9116,59.94,1635136722
354,75,25,3.0,NZ,Christchurch,-43.5333,172.6333,66.47,1635136606
355,91,100,2.73,ZM,Mwinilunga,-11.7358,24.4293,63.39,1635136723
356,65,0,1.59,ZA,Kruisfontein,-34.0033,24.7314,56.3,1635136658
357,74,40,5.01,US,Forest Grove,45.5198,-123.1107,56.97,1635136723
358,93,100,13.42,RU,Oktyabr'skoye,43.0645,44.7417,39.34,1635136724
359,73,89,4.61,ID,Banda Aceh,5.5577,95.3222,83.48,1635136724
360,90,100,11.48,GE,Agara,42.0376,43.8238,47.16,1635136724
361,97,100,8.57,RU,Muyezerskiy,63.9333,31.65,28.74,1635136725
362,85,95,4.61,NZ,Greymouth,-42.4667,171.2,59.67,1635136725
363,90,100,5.06,RU,Energetik,51.7445,58.7934,46.71,1635136725
364,69,61,2.51,RU,Ayan,56.45,138.1667,41.9,1635136725
365,92,15,4.61,FR,Hauterive,46.0901,3.4459,45.36,1635136726
366,83,100,11.34,PF,Fare,-16.7,-151.0167,77.14,1635136726
367,70,68,4.03,MM,Magway,20.15,94.9167,85.42,1635136726
368,83,92,11.83,GB,Thurso,58.5927,-3.5259,48.85,1635136727
369,91,90,9.22,US,Whitefish,48.4111,-114.3376,46.99,1635136727
370,76,9,6.89,UA,Savyntsi,49.4026,37.0627,32.52,1635136727
371,55,2,3.76,MZ,Mocuba,-16.8392,36.9856,82.65,1635136728
372,76,6,12.57,BR,Itarema,-2.9248,-39.9167,78.62,1635136728
373,57,92,4.36,RU,Amazar,53.858,120.875,43.0,1635136728
374,87,1,6.91,US,Virginia Beach,36.8529,-75.978,69.85,1635136728
375,43,20,0.67,IN,Gangāpur,26.4833,76.7167,81.41,1635136729
376,60,100,5.26,RU,Kardailovo,51.5386,53.9042,44.71,1635136729
377,55,79,2.24,ID,Barabai,-2.5833,115.3833,90.3,1635136729
378,96,91,0.49,BR,Coari,-4.085,-63.1414,72.63,1635136730
379,98,100,6.04,GE,Khani,41.9563,42.9566,45.97,1635136730
380,58,13,9.66,AU,Flinders,-34.5833,150.8552,69.8,1635136520
381,57,16,3.24,IN,Bhuban,20.8833,85.8333,82.89,1635136730
382,76,7,5.91,UA,Brody,50.0879,25.1503,33.21,1635136731
383,24,0,9.22,AU,Broken Hill,-31.95,141.4333,67.71,1635136731
384,93,1,4.61,US,Kenai,60.5544,-151.2583,39.15,1635136731
385,50,1,2.42,IN,Mundra,22.85,69.7333,80.33,1635136731
386,94,85,2.17,BR,Codajás,-3.8367,-62.0569,74.77,1635136732
387,75,93,4.99,GL,Nanortalik,60.1432,-45.2371,32.61,1635136625
388,50,48,9.6,RU,Orlik,52.5178,99.825,38.08,1635136732
389,95,0,1.99,US,Houma,29.5958,-90.7195,75.97,1635136733
390,74,20,4.61,MY,Kota Kinabalu,5.9749,116.0724,89.58,1635136733
391,46,3,6.55,GL,Qaqortoq,60.7167,-46.0333,30.7,1635136676
392,71,99,4.72,RU,Ostrovnoy,68.0531,39.5131,28.53,1635136733
393,76,38,6.44,RU,Tokur,53.1333,132.9,39.42,1635136734
394,69,100,2.57,IT,Province of Mantua,45.1667,10.7833,51.69,1635136734
395,71,7,0.0,SA,Abhā,18.2164,42.5053,53.85,1635136734
396,96,70,3.42,MX,Pinotepa Nacional,16.3167,-98.0167,72.81,1635136734
397,61,40,0.0,US,Sitka,57.0531,-135.33,42.69,1635136735
398,60,0,3.76,IN,Dharampur,20.5333,73.1833,82.27,1635136735
399,24,0,3.69,SA,Riyadh,24.6877,46.7219,68.14,1635136588
400,93,90,2.3,CA,Moose Factory,51.2585,-80.6094,37.4,1635136735
401,57,0,13.42,KZ,Balkhash,46.844,74.9804,45.21,1635136736
402,91,91,2.77,MX,Ixtapa,20.7,-105.2,75.51,1635136736
403,78,90,3.36,TD,Goundi,9.3627,17.366,75.51,1635136736
404,78,52,5.79,KE,Lamu,-2.2717,40.902,79.02,1635136737
405,83,27,5.08,AO,Mossamedes,-15.1961,12.1522,62.55,1635136737
406,91,100,1.5,ID,Sungai Penuh,-2.0833,101.3833,69.13,1635136737
407,53,39,9.06,UA,Primorskoye,47.1744,37.6927,43.86,1635136738
408,96,3,1.63,CL,Laja,-37.2667,-72.7,52.59,1635136738
409,85,40,14.97,US,Kahului,20.8947,-156.47,77.02,1635136691
410,81,90,9.22,CA,Hay River,60.8156,-115.7999,40.98,1635136664
411,77,81,0.96,BR,Morros,-9.4467,-46.3003,75.11,1635136739
412,89,100,7.58,RU,Nizhniy Odes,63.6445,54.856,27.77,1635136739
413,42,1,5.75,US,Raton,36.9034,-104.4391,52.65,1635136739
414,87,94,8.1,JM,Bull Savanna,17.8868,-77.5902,76.59,1635136740
415,76,1,1.99,US,Marathon,44.9,-89.7668,43.48,1635136534
416,91,39,4.47,CA,Atikokan,48.7555,-91.6216,28.81,1635136740
417,56,0,2.42,CL,Vallenar,-28.5708,-70.7581,62.49,1635136740
418,72,75,6.82,PT,Lagoa,39.05,-27.9833,66.47,1635136741
419,67,0,5.61,NA,Lüderitz,-26.6481,15.1594,59.97,1635136645
420,73,94,3.6,ID,Tual,-5.6667,132.75,82.35,1635136588
421,59,0,11.88,UY,Chui,-33.6971,-53.4616,56.66,1635136741
422,81,94,15.55,RU,Neverkino,52.7854,46.7417,32.76,1635136742
423,69,76,20.0,IT,Nola,40.922,14.5329,64.54,1635136742
424,29,1,11.77,CN,Heihe,50.2441,127.4902,57.78,1635136743
425,68,0,8.05,RE,Saint-Pierre,-21.3393,55.4781,80.56,1635136743
426,85,73,5.93,GQ,Luba,3.4568,8.5547,79.59,1635136743
427,87,94,10.65,MX,Isla Mujeres,21.2311,-86.731,82.45,1635136744
428,73,43,3.78,PH,Sulangan,11.1373,123.7228,83.59,1635136744
429,76,15,3.04,UA,Markova,48.6758,24.4138,33.1,1635136744
430,92,100,4.47,CA,Hearst,49.6835,-83.6665,32.25,1635136745
431,56,0,14.58,AU,Port Lincoln,-34.7333,135.8667,61.38,1635136745
432,76,75,2.39,UG,Bundibugyo,0.7414,30.0417,71.01,1635136745
433,46,3,6.53,RU,Vostok,46.4856,135.8833,49.6,1635136746
434,95,70,1.92,MX,Rosamorada,22.1222,-105.2058,75.06,1635136746
435,84,55,7.43,BY,Vawkavysk,53.1561,24.4513,31.71,1635136746
436,22,45,4.79,MR,Atar,20.5169,-13.0499,80.71,1635136498
437,84,30,9.24,BR,Coruripe,-10.1256,-36.1756,75.11,1635136747
438,79,99,12.53,RU,Ust'-Ilimsk,58.0006,102.6619,38.93,1635136747
439,82,0,4.32,PY,Caaguazú,-25.45,-56.0167,54.28,1635136747
440,84,100,2.35,BO,Chimoré,-16.9833,-65.1333,69.13,1635136748
441,83,75,10.36,MZ,Beira,-19.8436,34.8389,77.09,1635136748
442,94,100,1.14,CF,Bria,6.5423,21.9863,70.29,1635136748
443,74,4,6.4,UA,Novopokrovka,49.8425,36.5477,35.98,1635136749
444,94,90,5.75,US,Ingham,42.6,-84.3833,44.78,1635136749
445,28,100,4.97,CN,Shache,38.4167,77.2406,54.75,1635136749
446,87,98,2.57,CA,Pangnirtung,66.1451,-65.7125,19.6,1635136655
447,88,19,10.2,RU,Pinega,64.7001,43.3936,27.64,1635136750
448,90,75,1.25,UG,Hoima,1.4356,31.3436,67.98,1635136750
449,85,1,0.0,US,North Platte,41.1239,-100.7654,41.38,1635136595
450,43,99,12.35,KZ,Atbasar,51.8,68.3333,47.66,1635136751
451,69,85,2.89,TD,Am Timan,11.0297,20.2827,77.31,1635136751
452,87,100,3.96,RU,Labytnangi,66.6572,66.4183,20.53,1635136480
453,80,56,11.07,RU,Yar-Sale,66.8333,70.8333,23.0,1635136751
454,49,0,5.12,IN,Betūl,21.9153,77.8961,77.11,1635136752
455,49,12,8.99,MG,Ambilobe,-13.2,49.05,87.01,1635136752
456,92,100,0.45,BR,Jaciara,-15.9653,-54.9683,70.27,1635136752
457,75,1,5.75,CA,Havre-St-Pierre,50.2334,-63.5986,46.4,1635136753
458,51,49,2.24,JP,Noshiro,40.2039,140.0242,63.54,1635136753
459,58,2,6.49,IN,Māngrol,21.1167,70.1167,81.16,1635136753
460,81,82,18.54,CA,Outlook,51.5001,-107.0513,42.49,1635136753
461,77,68,6.87,PL,Wałcz,53.2779,16.4712,35.11,1635136754
462,68,1,11.5,US,Lebanon,36.2081,-86.2911,66.42,1635136754
463,64,100,3.44,IN,Ettaiyapuram,9.1441,77.9907,89.26,1635136755
464,93,100,12.44,RU,Kayerkan,69.3497,87.7602,24.03,1635136755
465,34,0,4.59,PK,Turbat,26.0023,63.044,80.55,1635136755
466,29,99,3.44,AU,Emerald,-23.5333,148.1667,91.54,1635136756
467,93,88,3.85,RU,Esso,55.9333,158.7,24.93,1635136756
468,84,100,6.29,GT,Champerico,14.3,-91.9167,83.35,1635136756
469,90,93,23.76,FO,Klaksvík,62.2266,-6.589,49.12,1635136757
470,60,4,1.99,AU,Charlestown,-32.95,151.6667,74.98,1635136757
471,22,91,8.21,ML,Kidal,18.4411,1.4078,87.84,1635136757
472,92,76,1.95,BR,Maués,-3.3836,-57.7186,74.53,1635136757
473,53,84,1.5,TZ,Magugu,-4.0167,35.7667,75.88,1635136758
474,95,69,2.66,MX,Ayotzintepec,17.6667,-96.1333,76.28,1635136758
475,50,2,1.48,MM,Myitkyina,25.3833,97.4,87.03,1635136758
476,75,95,4.41,PH,Gigmoto,13.7796,124.39,84.18,1635136759
477,28,1,14.97,AU,Port Hedland,-20.3167,118.5667,95.05,1635136759
478,73,55,7.83,AZ,Xaçmaz,41.4635,48.806,57.52,1635136759
479,36,0,5.14,SY,Abu Kamal,34.4506,40.9171,69.71,1635136760
480,86,79,3.51,PA,Portobelo,9.55,-79.65,79.61,1635136760
481,92,100,17.31,CL,Ancud,-41.8697,-73.8203,53.42,1635136760
482,100,100,3.74,NO,Snåase,64.2457,12.3778,44.01,1635136761
483,86,83,6.58,IE,County Wicklow,53.0,-6.4167,45.05,1635136761
484,60,27,5.28,PH,Marawi,7.9986,124.2928,76.64,1635136761
485,47,1,3.38,CN,Altay,47.8667,88.1167,43.72,1635136487
486,81,100,8.52,GR,Plátanos,37.6667,21.6167,63.09,1635136762
487,65,75,10.54,NO,Vardø,70.3705,31.1107,23.2,1635136762
488,99,100,6.49,RU,Ust-Maya,60.4167,134.5333,33.76,1635136762
489,47,0,2.71,IN,Morwa,22.9,73.8333,82.17,1635136763
490,89,93,11.81,AU,Coolum Beach,-26.5333,153.1,74.1,1635136763
491,96,97,3.56,NG,Yenagoa,4.9247,6.2642,74.89,1635136763
492,82,73,10.6,LY,Sirte,31.2089,16.5887,74.01,1635136764
493,75,69,10.56,BR,Pitimbu,-7.4706,-34.8086,75.79,1635136764
494,46,99,11.83,KZ,Osakarovka,50.565,72.5692,43.41,1635136764
495,30,46,13.13,TD,Adré,13.4667,22.2,74.73,1635136764
496,98,99,1.34,BR,São Gabriel da Cachoeira,-0.1303,-67.0892,73.98,1635136765
497,31,6,8.5,MN,Baruun-Urt,46.6806,113.2792,47.3,1635136765
498,54,9,7.29,AL,Durrës,41.3231,19.4414,44.78,1635136765
499,64,75,8.99,MU,Grand Gaube,-20.0064,57.6608,79.38,1635136508
500,85,20,8.95,RU,Marfino,55.7028,37.3822,29.08,1635136766
501,45,1,2.3,CN,Yining,29.0361,114.5636,71.38,1635136766
502,95,100,1.83,BR,Aimorés,-19.4958,-41.0639,74.44,1635136766
503,40,69,3.22,ZM,Isoka,-10.1606,32.6335,74.12,1635136767
504,79,100,4.0,BR,Santa Vitória,-18.8386,-50.1214,67.23,1635136767
505,50,0,6.04,CL,Buin,-33.7333,-70.75,65.73,1635136767
506,44,0,3.0,IN,Jammu,32.7333,74.8667,62.91,1635136768
507,65,0,1.23,ZA,Plettenberg Bay,-34.0527,23.3716,57.47,1635136768
508,30,90,4.18,KZ,Shīeli,44.1667,66.75,56.41,1635136768
509,96,92,1.66,BR,Castilho,-20.8722,-51.4875,64.44,1635136769
510,94,94,2.82,CO,Bosconia,9.9689,-73.8836,73.96,1635136769
511,88,90,1.01,US,Broome,42.2506,-75.833,49.86,1635136769
512,97,100,2.77,AO,Lucapa,-8.4192,20.7447,65.95,1635136769
513,94,80,9.13,RU,Lukovetskiy,64.2956,41.9211,28.38,1635136770
514,66,100,8.7,RU,Myski,53.709,87.8014,48.42,1635136562
515,93,75,8.05,LV,Jūrmala,56.968,23.7704,41.02,1635136770
516,41,70,34.18,AR,Puerto Madryn,-42.7692,-65.0385,59.25,1635136771
517,87,75,18.41,NO,Visnes,59.3556,5.2242,54.57,1635136771
518,22,28,13.71,TD,Biltine,14.5333,20.9167,79.81,1635136771
519,70,20,6.91,LK,Hambantota,6.1241,81.1185,88.14,1635136772
520,39,0,11.39,GL,Paamiut,61.994,-49.6678,24.98,1635136772
521,69,67,5.57,IN,Nīlēshwar,12.25,75.1,83.77,1635136772
522,45,29,2.01,IN,Sawai Madhopur,25.9833,76.3667,80.44,1635136772
523,95,1,3.44,US,Seminole,28.7086,-81.2081,76.21,1635136755
524,60,19,10.74,ID,Bambanglipuro,-7.95,110.2833,85.95,1635136773
525,79,23,5.86,BR,Poço das Trincheiras,-9.3125,-37.2856,72.72,1635136773
526,51,14,5.19,IN,Warora,20.2333,79.0,81.12,1635136774
527,59,0,9.33,EG,Ţahţā,26.7693,31.5021,66.52,1635136774
528,73,75,18.41,JP,Ishigaki,24.3448,124.1572,77.13,1635136774
529,66,75,4.0,US,Portland,45.5234,-122.6762,57.34,1635136476
530,76,53,1.01,US,Redmond,47.674,-122.1215,56.91,1635136501
531,98,96,7.92,GL,Aasiaat,68.7098,-52.8699,4.8,1635136775
532,94,84,1.36,VE,Tariba,7.8188,-72.2243,72.16,1635136775
533,51,99,10.36,CA,Prince Rupert,54.3161,-130.3201,55.09,1635136479
534,40,55,3.18,CN,Nanhai,30.1282,111.7784,69.6,1635136776
535,91,100,6.38,US,Havelock,34.8791,-76.9013,73.92,1635136668
536,75,1,1.99,US,Saint Anthony,45.0205,-93.218,44.22,1635136776
537,49,76,10.29,MW,Karonga,-9.9333,33.9333,81.36,1635136776
538,81,90,16.11,US,Minot,48.2325,-101.2963,41.22,1635136777
539,87,100,1.97,CO,Nuquí,5.7125,-77.2708,77.67,1635136777
540,17,0,5.84,NE,Bilma,18.6853,12.9164,77.16,1635136777
541,77,1,1.99,US,Hamilton,39.1834,-84.5333,68.9,1635136603
542,81,86,6.85,NZ,Kaitangata,-46.2817,169.8464,55.53,1635136778
543,31,74,5.01,NG,Zaria,11.1113,7.7227,71.6,1635136778
544,81,0,11.3,CL,Constitución,-35.3333,-72.4167,55.33,1635136646
545,100,90,6.91,CA,High Level,58.5169,-117.136,39.31,1635136778
546,74,13,5.7,LY,Al Bardīyah,31.7561,25.0865,69.26,1635136779
547,58,41,6.24,ML,Koulikoro,14.0,-7.75,79.41,1635136779
548,98,100,4.0,BR,Presidente Médici,-11.1753,-61.9014,71.46,1635136779
549,71,100,5.84,PH,Aloleng,16.1307,119.7824,84.58,1635136780
550,89,100,3.0,RU,Magadan,59.5667,150.8,29.43,1635136780
551,60,98,1.25,MA,Tiznit Province,29.5833,-9.5,62.38,1635136780
552,71,14,14.12,BR,Touros,-5.1989,-35.4608,77.9,1635136780
553,75,11,3.53,BR,Santa Quitéria,-4.3319,-40.1567,74.62,1635136781
554,49,71,3.51,SD,Doka,13.5167,35.7667,79.65,1635136781
555,73,9,1.99,CA,Halifax,44.6453,-63.5724,47.41,1635136651
556,92,100,3.49,BR,Porangatu,-13.4408,-49.1486,71.65,1635136617
557,56,44,7.76,ID,Labuhan,-6.8844,112.2051,90.34,1635136782
558,59,100,8.72,KZ,Emba,48.8264,58.1442,49.21,1635136782
559,95,62,9.1,RU,Anadyr,64.75,177.4833,-9.8,1635136782
560,86,90,6.91,US,Monroe,43.1501,-77.6831,51.49,1635136672
561,44,9,1.01,IN,Phek,25.6667,94.5,72.16,1635136782
562,87,90,6.91,US,Lompoc,34.6391,-120.4579,62.02,1635136503
